brief,predict,score,truth
gov.uscourts.mad.136393.21.0.txt,deny,0.6159717667130474,deny
gov.uscourts.mied.281716.19.0.txt,deny,0.5296928121199512,deny
gov.uscourts.txed.117629.40.0.txt,deny,0.5640985530403002,deny
gov.uscourts.insd.40651.107.0.txt,grant,0.5469487956886886,deny
gov.uscourts.mad.135459.27.0.txt,grant,0.5674051365301435,grant
gov.uscourts.txsd.800617.171.0.txt,deny,0.5233366812680571,deny
gov.uscourts.flsd.536917.60.0.txt,deny,0.5603506932568701,deny
gov.uscourts.hid.100339.17.0.txt,grant,0.6862062505542492,grant
gov.uscourts.wyd.32018.15.0.txt,grant,0.5120787777926803,grant
gov.uscourts.wyd.32018.18.0.txt,deny,0.5204647270528265,grant
gov.uscourts.pawd.70675.137.0.txt,deny,0.5656002086468108,deny
gov.uscourts.nysd.309795.18.0.txt,grant,0.5483345440841673,grant
gov.uscourts.nysd.309795.17.0.txt,deny,0.5554197831859704,grant
gov.uscourts.tnwd.62687.46.0.txt,deny,0.6490533535145314,deny
gov.uscourts.akd.243.73.0.txt,grant,0.5946987363619097,grant
gov.uscourts.akd.243.75.0.txt,grant,0.5919768897905892,grant
gov.uscourts.akd.243.74.0.txt,grant,0.6080525662072129,grant
gov.uscourts.txwd.410570.96.0.txt,grant,0.5567827810572811,deny
gov.uscourts.rid.20478.61.0.txt,grant,0.5060141405845145,grant
gov.uscourts.flnd.75114.102.0.txt,grant,0.5671291571511929,grant
gov.uscourts.utd.79026.13.0.txt,grant,0.5653107698728913,grant
gov.uscourts.wiwd.28364.278.0.txt,deny,0.5377430450033704,grant
gov.uscourts.flmd.202663.51.0.txt,grant,0.6187553389193098,deny
gov.uscourts.nysd.316772.22.0.txt,grant,0.5691045427936092,deny
gov.uscourts.nysd.316772.20.0.txt,deny,0.5426544992479505,deny
gov.uscourts.mad.112193.112.0.txt,deny,0.5973440418924071,deny
gov.uscourts.nysd.341836.23.0.txt,grant,0.7099742393891292,deny
gov.uscourts.nysd.310004.21.0.txt,grant,0.5283341676391092,grant
gov.uscourts.vaed.301389.90.0.txt,deny,0.5257984951761173,deny
gov.uscourts.gand.163096.12.0.txt,deny,0.5725326770212551,deny
gov.uscourts.cofc.16889.85.0.txt,grant,0.5683191516993539,deny
gov.uscourts.mad.131942.153.0.txt,grant,0.5427385681375303,grant
gov.uscourts.cofc.27526.9.0.txt,grant,0.7059734367388637,grant
gov.uscourts.ncwd.58301.126.0.txt,grant,0.5042762726018295,deny
gov.uscourts.wied.45575.1495.0.txt,grant,0.6776396516689963,deny
gov.uscourts.wied.45575.1493.0.txt,grant,0.6450078146734544,deny
gov.uscourts.wied.45575.1494.0.txt,grant,0.6785066336859885,deny
gov.uscourts.wied.45575.1496.0.txt,grant,0.6780508142967743,deny
gov.uscourts.ded.8821.37.0.txt,grant,0.6570700191177331,deny
gov.uscourts.cand.205437.196.0.txt,grant,0.5803360040363329,grant
gov.uscourts.laed.104020.269.0.txt,grant,0.6846039127344169,grant
gov.uscourts.mdd.175508.48.0.txt,grant,0.5958608868608803,deny
gov.uscourts.flmd.262099.43.0.txt,grant,0.5331707977636978,deny
gov.uscourts.flnd.60471.41.0.txt,grant,0.5975073232424489,deny
gov.uscourts.flnd.60471.40.0.txt,grant,0.6353526986144713,deny
gov.uscourts.txnd.181835.44.0.txt,grant,0.7435269721606442,grant
gov.uscourts.txwd.658375.33.0.txt,grant,0.6101710523037144,deny
gov.uscourts.caed.293467.12.0.txt,deny,0.5343750478577982,deny
gov.uscourts.mad.142856.314.0.txt,deny,0.6657179593466728,grant
gov.uscourts.dcd.125714.10.0.txt,grant,0.6016043203615488,deny
gov.uscourts.txnd.181835.26.0.txt,grant,0.6142769340243747,grant
gov.uscourts.vaed.276422.83.0.txt,grant,0.5363538368655242,grant
gov.uscourts.mssd.71373.77.0.txt,deny,0.5198906866798678,deny
gov.uscourts.rid.20762.35.0.txt,grant,0.5397751916543494,deny
gov.uscourts.rid.20762.33.0.txt,grant,0.5577983754767154,deny
gov.uscourts.casd.256908.157.0.txt,grant,0.5687143669092269,deny
gov.uscourts.nyed.336185.208.0.txt,deny,0.5520087667547904,grant
gov.uscourts.txsd.613668.99.0.txt,grant,0.5326499420273615,grant
gov.uscourts.arwd.28923.11.0.txt,grant,0.5184133393700148,deny
gov.uscourts.arwd.28923.10.0.txt,deny,0.5612835305535712,deny
gov.uscourts.vaed.336338.80.0.txt,deny,0.6016590362962624,grant
gov.uscourts.nvd.76125.56.0.txt,grant,0.5717383822240782,deny
gov.uscourts.nvd.76125.58.0.txt,grant,0.5094438318818871,deny
gov.uscourts.flmd.215470.115.0.txt,grant,0.5412100412132523,deny
gov.uscourts.txsd.370472.21.0.txt,grant,0.5793898375900518,grant
gov.uscourts.nysd.317435.43.0.txt,grant,0.6820615431343053,deny
gov.uscourts.cofc.22966.94.0.txt,grant,0.5614212602425102,grant
gov.uscourts.nvd.79045.10.0.txt,grant,0.6114132368044577,deny
gov.uscourts.flnd.49535.629.0.txt,deny,0.5026167572345013,deny
gov.uscourts.casd.499990.22.0.txt,deny,0.5276195567946818,deny
gov.uscourts.cod.151798.51.0.txt,grant,0.6726663995991929,grant
gov.uscourts.cand.197206.37.0.txt,deny,0.5719843507652178,deny
gov.uscourts.cand.197984.2538.0.txt,grant,0.6177500009175925,grant
gov.uscourts.mnd.90143.102.0.txt,grant,0.54003389582204,deny
gov.uscourts.mnd.90143.101.0.txt,grant,0.5046114764261159,deny
gov.uscourts.mad.136008.63.0.txt,grant,0.5185446888144379,deny
gov.uscourts.txnd.236263.40.0.txt,grant,0.5330524294410659,deny
gov.uscourts.flsd.460539.10.0.txt,grant,0.5790905332121035,grant
gov.uscourts.cofc.21320.47.0.txt,grant,0.5261309857563427,grant
gov.uscourts.vaed.271949.962.0.txt,deny,0.5530872475430271,grant
gov.uscourts.vaed.271949.961.0.txt,grant,0.5429883446455039,grant
gov.uscourts.cand.206145.29.0.txt,deny,0.5238054806979044,grant
gov.uscourts.cand.198618.31.0.txt,deny,0.5539415441080282,grant
gov.uscourts.mad.126818.31.0.txt,grant,0.5716118638691114,deny
gov.uscourts.uscfc.34389.223.0.txt,grant,0.5500539377452993,deny
gov.uscourts.uscfc.34389.224.0.txt,grant,0.6114424115397032,deny
gov.uscourts.casd.258578.60.0.txt,grant,0.5405415139843105,grant
gov.uscourts.flsd.477203.24.0.txt,grant,0.5314597976254762,grant
gov.uscourts.flsd.477203.20.0.txt,grant,0.5403709477628033,grant
gov.uscourts.flsd.477203.25.0.txt,grant,0.5672546952246634,grant
gov.uscourts.flsd.477203.22.0.txt,grant,0.5461459330106799,grant
gov.uscourts.txwd.380367.278.0.txt,deny,0.5871800123577804,deny
gov.uscourts.vaed.266371.18.0.txt,grant,0.5346468329179986,grant
gov.uscourts.vaed.384803.11.0.txt,deny,0.5718705346502304,deny
gov.uscourts.utd.76691.20.0.txt,deny,0.5520908297020473,deny
gov.uscourts.mad.135333.19.0.txt,grant,0.592761274102944,grant
gov.uscourts.txsd.535128.26.0.txt,grant,0.5793095640003141,deny
gov.uscourts.akd.49744.87.0.txt,grant,0.6632891641492363,grant
gov.uscourts.dcd.146770.37.0.txt,grant,0.5176402782550595,deny
gov.uscourts.mad.118796.72.0.txt,deny,0.532043524274121,grant
gov.uscourts.dcd.124851.52.0.txt,grant,0.6068157860495189,deny
gov.uscourts.dcd.124851.55.0.txt,deny,0.5222676823706809,deny
gov.uscourts.flnd.67528.28.0.txt,grant,0.5958439788226523,grant
gov.uscourts.mad.127997.32.0.txt,grant,0.5779441826938411,grant
gov.uscourts.nysd.475830.32.0.txt,deny,0.5820738251904767,deny
gov.uscourts.ilsd.61930.79.0.txt,grant,0.5393744269840917,grant
gov.uscourts.wied.42230.88.0.txt,deny,0.581873730096671,deny
gov.uscourts.azd.322017.142.0.txt,deny,0.5184508153882385,deny
gov.uscourts.caeb.371652.188.0.txt,deny,0.557922150616337,grant
gov.uscourts.cand.202105.17.0.txt,deny,0.5575983214527707,deny
gov.uscourts.nvd.96674.36.0.txt,grant,0.6367506590918601,deny
gov.uscourts.nysd.317490.47.0.txt,grant,0.619603124379442,deny
gov.uscourts.txed.178695.12.0.txt,grant,0.54967548558385,grant
gov.uscourts.akd.336.107.0.txt,grant,0.5274183587651289,deny
gov.uscourts.mad.126818.29.0.txt,grant,0.5565819815233287,grant
gov.uscourts.iasd.44545.17.0.txt,grant,0.5119277352279302,grant
gov.uscourts.nmd.321473.11.0.txt,grant,0.5414771122878531,grant
gov.uscourts.nmd.321473.7.0.txt,deny,0.5200456039687924,grant
gov.uscourts.flsd.334296.174.0.txt,deny,0.5721468051496543,deny
gov.uscourts.cand.187342.56.0.txt,deny,0.6072620247708218,deny
gov.uscourts.nyed.380798.25.0.txt,deny,0.5172911640018918,grant
gov.uscourts.okwd.74802.60.0.txt,grant,0.6409218021298239,deny
gov.uscourts.cand.204881.25.0.txt,grant,0.6416106263113204,grant
gov.uscourts.cand.34465.174.0.txt,deny,0.5158766379634485,grant
gov.uscourts.msnd.30175.184.0.txt,grant,0.5487464592923706,deny
gov.uscourts.nvd.80911.13.0.txt,deny,0.5197634548227155,grant
gov.uscourts.wiwd.2665.66.0.txt,grant,0.538000180252155,grant
gov.uscourts.flmd.300927.412.0.txt,grant,0.5572221404054727,deny
gov.uscourts.msnd.31896.147.0.txt,deny,0.5295811754444795,grant
gov.uscourts.msnd.31896.148.0.txt,deny,0.5249014510210739,grant
gov.uscourts.wiwd.2665.101.0.txt,grant,0.5937267062566011,deny
gov.uscourts.wiwd.2665.106.0.txt,grant,0.5845243783370256,deny
gov.uscourts.wiwd.2665.110.0.txt,grant,0.503087163186893,deny
gov.uscourts.waed.54827.60.0.txt,grant,0.5244408485181303,deny
gov.uscourts.cofc.22966.26.0.txt,deny,0.5103281175011032,grant
gov.uscourts.cofc.22966.25.0.txt,deny,0.5089817487552222,grant
gov.uscourts.cofc.22966.22.0.txt,deny,0.5166303206086809,grant
gov.uscourts.cofc.22966.24.0.txt,grant,0.5500129675729277,grant
gov.uscourts.txsd.613668.109.0.txt,deny,0.521923569644438,deny
gov.uscourts.cand.192674.171.0.txt,deny,0.5870563936890515,deny
gov.uscourts.dcd.146770.47.0.txt,grant,0.5998620292242882,deny
gov.uscourts.laed.164977.89.0.txt,deny,0.5143024857388874,deny
gov.uscourts.cand.196174.84.0.txt,deny,0.5495136568266843,grant
gov.uscourts.cand.196174.83.0.txt,deny,0.6431589780646799,grant
gov.uscourts.txnd.228025.12.0.txt,grant,0.6013073134537302,grant
gov.uscourts.flmd.163273.724.0.txt,grant,0.5034080155868956,grant
gov.uscourts.wiwd.27453.36.0.txt,deny,0.5281844337034827,deny
gov.uscourts.cand.305114.115.0.txt,deny,0.5616797471135893,deny
gov.uscourts.mdd.292999.51.0.txt,deny,0.549435229043355,grant
gov.uscourts.txed.107885.37.0.txt,grant,0.6415037960758647,deny
gov.uscourts.ded.7515.198.0.txt,grant,0.5979456645350885,grant
gov.uscourts.flmd.300927.336.0.txt,grant,0.5686986929038301,grant
gov.uscourts.msnd.30175.161.0.txt,grant,0.5023822579379624,deny
gov.uscourts.mad.120412.38.0.txt,grant,0.5403289809172417,deny
gov.uscourts.dcd.126130.6.0.txt,deny,0.5398356352127698,grant
gov.uscourts.ohsd.3900.40.0.txt,deny,0.5745416876079142,deny
gov.uscourts.mdd.187368.27.0.txt,deny,0.5812541896008538,grant
gov.uscourts.vaed.308029.25.0.txt,grant,0.5172694750285345,deny
gov.uscourts.nvd.72773.34.0.txt,deny,0.5890530155904794,grant
gov.uscourts.nyed.344897.20.0.txt,grant,0.5252064514368932,grant
gov.uscourts.vawd.68992.110.0.txt,grant,0.5348514020856114,deny
gov.uscourts.alsd.45610.85.0.txt,grant,0.5133413961592111,grant
gov.uscourts.utd.107895.50.0.txt,grant,0.5632284624148822,deny
gov.uscourts.wied.47756.167.0.txt,deny,0.536754018060378,deny
gov.uscourts.txed.117629.149.0.txt,grant,0.6118304913623552,deny
gov.uscourts.cand.192497.35.0.txt,deny,0.5090751326603002,deny
gov.uscourts.cand.192497.37.0.txt,grant,0.5873672252491269,deny
gov.uscourts.cand.192497.41.0.txt,grant,0.5794780798327382,deny
gov.uscourts.casd.256908.139.0.txt,grant,0.5418268935779758,deny
gov.uscourts.dcd.178819.12.0.txt,grant,0.6001907915908712,grant
gov.uscourts.ared.65760.5.0.txt,deny,0.6737981856717087,deny
gov.uscourts.ared.65760.3.0.txt,grant,0.6580118064687733,deny
gov.uscourts.nmd.241067.70.0.txt,grant,0.6227539570887803,grant
gov.uscourts.mssd.68766.15.0.txt,deny,0.5183854280292297,grant
gov.uscourts.txed.104068.322.0.txt,grant,0.5734996814463986,deny
gov.uscourts.cand.193889.24.0.txt,deny,0.5101333730880938,grant
gov.uscourts.nysd.319005.9.0.txt,deny,0.5010815422084308,deny
gov.uscourts.wied.72179.22.0.txt,deny,0.5615903115479068,grant
gov.uscourts.wyd.20843.19.0.txt,deny,0.5556477317019447,grant
gov.uscourts.mdd.200309.25.0.txt,grant,0.5559576012627075,grant
gov.uscourts.azd.322017.161.0.txt,deny,0.53768251728317,deny
gov.uscourts.okwd.88960.9.0.txt,grant,0.695548063865241,deny
gov.uscourts.rid.31460.85.0.txt,deny,0.6031739679145411,deny
gov.uscourts.azd.458737.74.0.txt,grant,0.5686879723778341,grant
gov.uscourts.akd.336.152.0.txt,grant,0.5287177900286159,grant
gov.uscourts.akd.336.158.0.txt,deny,0.5189330971213496,grant
gov.uscourts.txed.116178.25.0.txt,grant,0.56457481414687,deny
gov.uscourts.flsd.392429.80.0.txt,deny,0.6374116988708665,grant
gov.uscourts.txnd.243166.90.0.txt,deny,0.5109399042956702,deny
gov.uscourts.flsd.425897.151.0.txt,deny,0.5065309588758486,deny
gov.uscourts.flsd.425897.153.0.txt,grant,0.5147948434110606,deny
gov.uscourts.utd.76238.32.0.txt,deny,0.5510851939230881,grant
gov.uscourts.utd.76238.25.0.txt,deny,0.508761726536942,grant
gov.uscourts.utd.76238.24.0.txt,grant,0.5059768785558707,grant
gov.uscourts.txsd.1447181.69.0.txt,grant,0.5490703580631454,deny
gov.uscourts.txsd.1447181.71.0.txt,grant,0.6322677824940992,deny
gov.uscourts.txsd.1447181.70.0.txt,grant,0.6495729308624515,deny
gov.uscourts.laed.126735.108.0.txt,grant,0.5464547140142434,grant
gov.uscourts.casd.256908.5.0.txt,grant,0.5035251238485233,grant
gov.uscourts.mad.127565.40.0.txt,deny,0.5069839119977282,deny
gov.uscourts.cand.197045.35.0.txt,grant,0.5275461442065359,deny
gov.uscourts.caed.293467.11.0.txt,deny,0.5053311991321425,deny
gov.uscourts.rid.31460.64.0.txt,deny,0.530142223545319,deny
gov.uscourts.rid.20478.75.0.txt,deny,0.5127764121107955,grant
gov.uscourts.rid.20478.36.0.txt,grant,0.6384342121013777,grant
gov.uscourts.nyed.324865.78.0.txt,deny,0.5592221664655367,deny
gov.uscourts.nyed.324865.80.0.txt,deny,0.5396162138672748,deny
gov.uscourts.vaed.273842.89.0.txt,deny,0.5758917039037346,grant
gov.uscourts.mssd.93162.109.0.txt,deny,0.6174634040701152,deny
gov.uscourts.cand.303432.132.0.txt,deny,0.5062742907349485,grant
gov.uscourts.azd.396130.876.0.txt,grant,0.5335517450770031,grant
gov.uscourts.nysd.316362.447.0.txt,deny,0.5714016356435025,deny
gov.uscourts.alnd.19610.1770.0.txt,grant,0.5098205966951872,grant
gov.uscourts.dcd.124419.31.0.txt,grant,0.5466780168171773,grant
gov.uscourts.caeb.613067.86.0.txt,grant,0.6213808818123371,deny
gov.uscourts.txsd.1099338.17.0.txt,grant,0.5250925447816087,deny
gov.uscourts.mssd.87643.43.0.txt,grant,0.5725055918269841,deny
gov.uscourts.wyd.20882.18.0.txt,grant,0.5326016587642746,deny
gov.uscourts.azd.396130.628.0.txt,deny,0.5344741556313151,deny
gov.uscourts.azd.396130.747.0.txt,deny,0.5948158134653913,deny
gov.uscourts.dcd.124851.56.0.txt,grant,0.549072773394345,deny
gov.uscourts.dcd.124851.58.0.txt,grant,0.56726591161856,deny
gov.uscourts.dcd.124851.53.0.txt,grant,0.5103182120725557,deny
gov.uscourts.dcd.124713.26.0.txt,grant,0.5302546106671877,deny
gov.uscourts.wawd.146441.447.0.txt,deny,0.6241132927252978,deny
gov.uscourts.vaed.371699.44.0.txt,deny,0.5480326524114914,deny
gov.uscourts.laed.164282.6571.0.txt,deny,0.6314556740115475,deny
gov.uscourts.vaed.297072.46.0.txt,grant,0.5730652253172023,deny
gov.uscourts.txsd.531293.27.0.txt,grant,0.5169051734974197,deny
gov.uscourts.nysd.310986.95.0.txt,grant,0.6659102343401747,deny
gov.uscourts.njd.297141.58.0.txt,grant,0.5880130694587264,grant
gov.uscourts.cand.202291.37.0.txt,grant,0.5137896686887071,grant
gov.uscourts.cand.202291.36.0.txt,grant,0.5610356433137118,grant
gov.uscourts.gand.184409.43.0.txt,grant,0.6885501410861082,grant
gov.uscourts.cand.192674.297.0.txt,deny,0.5708214595131567,deny
gov.uscourts.ohsd.2137.57.0.txt,grant,0.6783294326682661,grant
gov.uscourts.cand.197206.26.0.txt,grant,0.5189294556704384,deny
gov.uscourts.txwd.658375.41.0.txt,grant,0.6177969453361037,grant
gov.uscourts.cand.197829.16.0.txt,grant,0.500819649186218,grant
gov.uscourts.nysd.316362.467.0.txt,deny,0.5076061440908168,deny
gov.uscourts.utd.53130.67.0.txt,grant,0.5821904747464871,deny
gov.uscourts.flsd.513381.10.0.txt,deny,0.7268401603468764,grant
gov.uscourts.dcd.180660.370.0.txt,grant,0.5408981431105229,grant
gov.uscourts.pawd.232037.45.0.txt,grant,0.5374395514562458,grant
gov.uscourts.njd.281330.89.0.txt,grant,0.5483851703057597,deny
gov.uscourts.wiwd.34922.48.0.txt,deny,0.5088397513370682,grant
gov.uscourts.rid.26145.73.0.txt,deny,0.5431892914524936,deny
gov.uscourts.cand.200519.149.0.txt,deny,0.5463609504660834,deny
gov.uscourts.caed.265233.29.0.txt,deny,0.5021226597663274,grant
gov.uscourts.flmd.293604.30.0.txt,grant,0.5517496638867795,deny
gov.uscourts.azd.35369.68.0.txt,deny,0.5115437564022016,grant
gov.uscourts.dcd.141086.26.0.txt,grant,0.5462386721711091,deny
gov.uscourts.txsd.594.64.0.txt,grant,0.5185000441050012,deny
gov.uscourts.mdd.6969.82.0.txt,grant,0.62154358853577,grant
gov.uscourts.flsd.451348.50.0.txt,deny,0.5720454019699747,deny
gov.uscourts.casd.256908.56.0.txt,grant,0.5906318451397032,deny
gov.uscourts.nysd.322115.39.0.txt,grant,0.6077821343677975,grant
gov.uscourts.mssd.92428.30.0.txt,grant,0.5397739806454269,grant
gov.uscourts.mssd.92428.29.0.txt,grant,0.5611608811632122,grant
gov.uscourts.nysd.316653.133.0.txt,grant,0.6298634227027013,grant
gov.uscourts.cand.193761.76.0.txt,deny,0.5129119609314545,deny
gov.uscourts.nysd.310307.11.0.txt,grant,0.5496905617100942,deny
gov.uscourts.nysd.316653.28.0.txt,grant,0.738634109231322,deny
gov.uscourts.dcd.124257.27.0.txt,grant,0.5503326554392692,grant
gov.uscourts.txnd.213990.8.0.txt,deny,0.5279486308955434,deny
gov.uscourts.mad.134841.18.0.txt,grant,0.5975418545390397,grant
gov.uscourts.cand.186672.51.0.txt,deny,0.520184529086305,deny
gov.uscourts.ohsd.2137.62.0.txt,grant,0.7389497210188054,deny
gov.uscourts.cand.195848.44.0.txt,grant,0.5380154855616902,deny
gov.uscourts.nvd.81143.38.0.txt,deny,0.5614335790828491,deny
gov.uscourts.ksd.52866.83.0.txt,grant,0.5534953613707813,grant
gov.uscourts.ksd.52866.75.0.txt,grant,0.6220411621575949,grant
gov.uscourts.utd.90302.127.0.txt,deny,0.554969350081413,deny
gov.uscourts.rid.20576.25.0.txt,deny,0.5447749129660636,grant
gov.uscourts.nvd.77290.21.0.txt,grant,0.5219202587705816,deny
gov.uscourts.dcd.148797.80.0.txt,grant,0.5634388259061376,deny
gov.uscourts.wiwd.34772.62.0.txt,grant,0.5226964453313299,deny
gov.uscourts.wiwd.34772.60.0.txt,deny,0.5548669425591232,deny
gov.uscourts.vaed.308029.77.0.txt,grant,0.548213742708375,deny
gov.uscourts.wvsd.59724.167.0.txt,deny,0.5030804124317991,grant
gov.uscourts.cand.197363.34.0.txt,grant,0.5972081880702026,grant
gov.uscourts.mnd.82977.81.0.txt,deny,0.577381677677606,deny
gov.uscourts.dcd.129840.10.0.txt,grant,0.5971061963285754,deny
gov.uscourts.nywd.79861.137.0.txt,deny,0.5084697581283677,deny
gov.uscourts.cand.203854.46.0.txt,deny,0.5478258636051039,grant
gov.uscourts.cand.203854.45.0.txt,deny,0.6176317795533546,grant
gov.uscourts.azd.396130.935.0.txt,deny,0.5543907046620955,deny
gov.uscourts.txwd.444418.29.0.txt,deny,0.5280889604322959,grant
gov.uscourts.mad.136393.23.0.txt,deny,0.6216135192689438,deny
gov.uscourts.flnd.67528.87.0.txt,grant,0.6102988882658262,deny
gov.uscourts.mssd.90972.32.0.txt,deny,0.5238140438896595,grant
gov.uscourts.nysd.322696.19.0.txt,grant,0.566319798750906,grant
gov.uscourts.nysd.325997.11.0.txt,grant,0.588869636977697,deny
gov.uscourts.nywd.79861.598.0.txt,deny,0.5023853012882378,deny
gov.uscourts.txed.121829.333.0.txt,deny,0.5290756241160934,deny
gov.uscourts.dcd.147524.22.0.txt,grant,0.526955648461025,grant
