brief,predict,score,truth
gov.uscourts.mad.136393.21.0.txt,deny,0.5273333333333333,deny
gov.uscourts.mied.281716.19.0.txt,deny,0.5146666666666667,deny
gov.uscourts.txed.117629.40.0.txt,deny,0.5133333333333333,deny
gov.uscourts.insd.40651.107.0.txt,grant,0.54,deny
gov.uscourts.mad.135459.27.0.txt,grant,0.5226666666666666,grant
gov.uscourts.txsd.800617.171.0.txt,grant,0.5126666666666667,deny
gov.uscourts.flsd.536917.60.0.txt,grant,0.512,deny
gov.uscourts.hid.100339.17.0.txt,grant,0.5846666666666667,grant
gov.uscourts.wyd.32018.15.0.txt,grant,0.5333333333333333,grant
gov.uscourts.wyd.32018.18.0.txt,grant,0.5286666666666666,grant
gov.uscourts.pawd.70675.137.0.txt,grant,0.5066666666666667,deny
gov.uscourts.nysd.309795.18.0.txt,grant,0.546,grant
gov.uscourts.nysd.309795.17.0.txt,grant,0.51,grant
gov.uscourts.tnwd.62687.46.0.txt,deny,0.5346666666666666,deny
gov.uscourts.akd.243.73.0.txt,grant,0.5553333333333333,grant
gov.uscourts.akd.243.75.0.txt,grant,0.564,grant
gov.uscourts.akd.243.74.0.txt,grant,0.5706666666666667,grant
gov.uscourts.txwd.410570.96.0.txt,grant,0.5186666666666667,deny
gov.uscourts.rid.20478.61.0.txt,grant,0.5306666666666666,grant
gov.uscourts.flnd.75114.102.0.txt,grant,0.55,grant
gov.uscourts.utd.79026.13.0.txt,grant,0.5533333333333333,grant
gov.uscourts.wiwd.28364.278.0.txt,deny,0.5086666666666667,grant
gov.uscourts.flmd.202663.51.0.txt,grant,0.5786666666666667,deny
gov.uscourts.nysd.316772.22.0.txt,grant,0.518,deny
gov.uscourts.nysd.316772.20.0.txt,grant,0.5013333333333333,deny
gov.uscourts.mad.112193.112.0.txt,grant,0.5253333333333333,deny
gov.uscourts.nysd.341836.23.0.txt,grant,0.5846666666666667,deny
gov.uscourts.nysd.310004.21.0.txt,grant,0.5333333333333333,grant
gov.uscourts.vaed.301389.90.0.txt,grant,0.5506666666666666,deny
gov.uscourts.gand.163096.12.0.txt,deny,0.522,deny
gov.uscourts.cofc.16889.85.0.txt,grant,0.522,deny
gov.uscourts.mad.131942.153.0.txt,grant,0.5146666666666667,grant
gov.uscourts.cofc.27526.9.0.txt,grant,0.5626666666666666,grant
gov.uscourts.ncwd.58301.126.0.txt,grant,0.5226666666666666,deny
gov.uscourts.wied.45575.1495.0.txt,grant,0.6126666666666667,deny
gov.uscourts.wied.45575.1493.0.txt,grant,0.542,deny
gov.uscourts.wied.45575.1494.0.txt,grant,0.584,deny
gov.uscourts.wied.45575.1496.0.txt,grant,0.6066666666666667,deny
gov.uscourts.ded.8821.37.0.txt,grant,0.5433333333333333,deny
gov.uscourts.cand.205437.196.0.txt,deny,0.512,grant
gov.uscourts.laed.104020.269.0.txt,grant,0.5846666666666667,grant
gov.uscourts.mdd.175508.48.0.txt,grant,0.54,deny
gov.uscourts.flmd.262099.43.0.txt,grant,0.5406666666666666,deny
gov.uscourts.flnd.60471.41.0.txt,grant,0.5146666666666667,deny
gov.uscourts.flnd.60471.40.0.txt,grant,0.572,deny
gov.uscourts.txnd.181835.44.0.txt,grant,0.574,grant
gov.uscourts.txwd.658375.33.0.txt,grant,0.5633333333333334,deny
gov.uscourts.caed.293467.12.0.txt,deny,0.5166666666666667,deny
gov.uscourts.mad.142856.314.0.txt,deny,0.5386666666666666,grant
gov.uscourts.dcd.125714.10.0.txt,grant,0.5646666666666667,deny
gov.uscourts.txnd.181835.26.0.txt,grant,0.554,grant
gov.uscourts.vaed.276422.83.0.txt,grant,0.524,grant
gov.uscourts.mssd.71373.77.0.txt,grant,0.5266666666666666,deny
gov.uscourts.rid.20762.35.0.txt,grant,0.5266666666666666,deny
gov.uscourts.rid.20762.33.0.txt,grant,0.554,deny
gov.uscourts.casd.256908.157.0.txt,grant,0.56,deny
gov.uscourts.nyed.336185.208.0.txt,grant,0.5033333333333333,grant
gov.uscourts.txsd.613668.99.0.txt,grant,0.542,grant
gov.uscourts.arwd.28923.11.0.txt,grant,0.54,deny
gov.uscourts.arwd.28923.10.0.txt,grant,0.5073333333333333,deny
gov.uscourts.vaed.336338.80.0.txt,grant,0.504,grant
gov.uscourts.nvd.76125.56.0.txt,grant,0.5106666666666667,deny
gov.uscourts.nvd.76125.58.0.txt,grant,0.526,deny
gov.uscourts.flmd.215470.115.0.txt,grant,0.506,deny
gov.uscourts.txsd.370472.21.0.txt,grant,0.546,grant
gov.uscourts.nysd.317435.43.0.txt,grant,0.5613333333333334,deny
gov.uscourts.cofc.22966.94.0.txt,grant,0.5433333333333333,grant
gov.uscourts.nvd.79045.10.0.txt,grant,0.5613333333333334,deny
gov.uscourts.flnd.49535.629.0.txt,grant,0.5213333333333333,deny
gov.uscourts.casd.499990.22.0.txt,deny,0.514,deny
gov.uscourts.cod.151798.51.0.txt,grant,0.5693333333333334,grant
gov.uscourts.cand.197206.37.0.txt,deny,0.5146666666666667,deny
gov.uscourts.cand.197984.2538.0.txt,grant,0.5833333333333334,grant
gov.uscourts.mnd.90143.102.0.txt,grant,0.518,deny
gov.uscourts.mnd.90143.101.0.txt,grant,0.5346666666666666,deny
gov.uscourts.mad.136008.63.0.txt,grant,0.5153333333333333,deny
gov.uscourts.txnd.236263.40.0.txt,grant,0.5286666666666666,deny
gov.uscourts.flsd.460539.10.0.txt,grant,0.5346666666666666,grant
gov.uscourts.cofc.21320.47.0.txt,grant,0.5233333333333333,grant
gov.uscourts.vaed.271949.962.0.txt,deny,0.528,grant
gov.uscourts.vaed.271949.961.0.txt,grant,0.518,grant
gov.uscourts.cand.206145.29.0.txt,deny,0.512,grant
gov.uscourts.cand.198618.31.0.txt,grant,0.504,grant
gov.uscourts.mad.126818.31.0.txt,grant,0.572,deny
gov.uscourts.uscfc.34389.223.0.txt,grant,0.5426666666666666,deny
gov.uscourts.uscfc.34389.224.0.txt,grant,0.5846666666666667,deny
gov.uscourts.casd.258578.60.0.txt,deny,0.514,grant
gov.uscourts.flsd.477203.24.0.txt,grant,0.5246666666666666,grant
gov.uscourts.flsd.477203.20.0.txt,grant,0.5626666666666666,grant
gov.uscourts.flsd.477203.25.0.txt,grant,0.526,grant
gov.uscourts.flsd.477203.22.0.txt,grant,0.5773333333333334,grant
gov.uscourts.txwd.380367.278.0.txt,deny,0.548,deny
gov.uscourts.vaed.266371.18.0.txt,grant,0.5446666666666666,grant
gov.uscourts.vaed.384803.11.0.txt,grant,0.5086666666666667,deny
gov.uscourts.utd.76691.20.0.txt,deny,0.5126666666666667,deny
gov.uscourts.mad.135333.19.0.txt,grant,0.5273333333333333,grant
gov.uscourts.txsd.535128.26.0.txt,grant,0.5006666666666667,deny
gov.uscourts.akd.49744.87.0.txt,grant,0.598,grant
gov.uscourts.dcd.146770.37.0.txt,grant,0.5293333333333333,deny
gov.uscourts.mad.118796.72.0.txt,grant,0.53,grant
gov.uscourts.dcd.124851.52.0.txt,grant,0.54,deny
gov.uscourts.dcd.124851.55.0.txt,deny,0.514,deny
gov.uscourts.flnd.67528.28.0.txt,grant,0.5806666666666667,grant
gov.uscourts.mad.127997.32.0.txt,grant,0.5713333333333334,grant
gov.uscourts.nysd.475830.32.0.txt,deny,0.51,deny
gov.uscourts.ilsd.61930.79.0.txt,grant,0.5046666666666667,grant
gov.uscourts.wied.42230.88.0.txt,deny,0.5246666666666666,deny
gov.uscourts.azd.322017.142.0.txt,grant,0.5273333333333333,deny
gov.uscourts.caeb.371652.188.0.txt,deny,0.5266666666666666,grant
gov.uscourts.cand.202105.17.0.txt,grant,0.5013333333333333,deny
gov.uscourts.nvd.96674.36.0.txt,grant,0.546,deny
gov.uscourts.nysd.317490.47.0.txt,grant,0.516,deny
gov.uscourts.txed.178695.12.0.txt,grant,0.5146666666666667,grant
gov.uscourts.akd.336.107.0.txt,grant,0.542,deny
gov.uscourts.mad.126818.29.0.txt,grant,0.5453333333333333,grant
gov.uscourts.iasd.44545.17.0.txt,grant,0.5426666666666666,grant
gov.uscourts.nmd.321473.11.0.txt,grant,0.5233333333333333,grant
gov.uscourts.nmd.321473.7.0.txt,grant,0.54,grant
gov.uscourts.flsd.334296.174.0.txt,grant,0.538,deny
gov.uscourts.cand.187342.56.0.txt,deny,0.5146666666666667,deny
gov.uscourts.nyed.380798.25.0.txt,grant,0.5153333333333333,grant
gov.uscourts.okwd.74802.60.0.txt,grant,0.584,deny
gov.uscourts.cand.204881.25.0.txt,grant,0.5566666666666666,grant
gov.uscourts.cand.34465.174.0.txt,deny,0.5166666666666667,grant
gov.uscourts.msnd.30175.184.0.txt,grant,0.5366666666666666,deny
gov.uscourts.nvd.80911.13.0.txt,deny,0.5253333333333333,grant
gov.uscourts.wiwd.2665.66.0.txt,grant,0.5273333333333333,grant
gov.uscourts.flmd.300927.412.0.txt,grant,0.52,deny
gov.uscourts.msnd.31896.147.0.txt,grant,0.528,grant
gov.uscourts.msnd.31896.148.0.txt,grant,0.5013333333333333,grant
gov.uscourts.wiwd.2665.101.0.txt,grant,0.576,deny
gov.uscourts.wiwd.2665.106.0.txt,grant,0.5806666666666667,deny
gov.uscourts.wiwd.2665.110.0.txt,grant,0.5293333333333333,deny
gov.uscourts.waed.54827.60.0.txt,grant,0.52,deny
gov.uscourts.cofc.22966.26.0.txt,grant,0.55,grant
gov.uscourts.cofc.22966.25.0.txt,grant,0.5453333333333333,grant
gov.uscourts.cofc.22966.22.0.txt,grant,0.5086666666666667,grant
gov.uscourts.cofc.22966.24.0.txt,deny,0.5053333333333333,grant
gov.uscourts.txsd.613668.109.0.txt,grant,0.526,deny
gov.uscourts.cand.192674.171.0.txt,deny,0.526,deny
gov.uscourts.dcd.146770.47.0.txt,grant,0.558,deny
gov.uscourts.laed.164977.89.0.txt,grant,0.5106666666666667,deny
gov.uscourts.cand.196174.84.0.txt,grant,0.5013333333333333,grant
gov.uscourts.cand.196174.83.0.txt,deny,0.546,grant
gov.uscourts.txnd.228025.12.0.txt,grant,0.536,grant
gov.uscourts.flmd.163273.724.0.txt,deny,0.5013333333333333,grant
gov.uscourts.wiwd.27453.36.0.txt,deny,0.512,deny
gov.uscourts.cand.305114.115.0.txt,deny,0.51,deny
gov.uscourts.mdd.292999.51.0.txt,grant,0.5266666666666666,grant
gov.uscourts.txed.107885.37.0.txt,grant,0.5453333333333333,deny
gov.uscourts.ded.7515.198.0.txt,grant,0.568,grant
gov.uscourts.flmd.300927.336.0.txt,grant,0.5173333333333333,grant
gov.uscourts.msnd.30175.161.0.txt,deny,0.5193333333333333,deny
gov.uscourts.mad.120412.38.0.txt,deny,0.5053333333333333,deny
gov.uscourts.dcd.126130.6.0.txt,deny,0.5033333333333333,grant
gov.uscourts.ohsd.3900.40.0.txt,deny,0.5166666666666667,deny
gov.uscourts.mdd.187368.27.0.txt,deny,0.556,grant
gov.uscourts.vaed.308029.25.0.txt,grant,0.5586666666666666,deny
gov.uscourts.nvd.72773.34.0.txt,deny,0.5206666666666667,grant
gov.uscourts.nyed.344897.20.0.txt,grant,0.53,grant
gov.uscourts.vawd.68992.110.0.txt,grant,0.5466666666666666,deny
gov.uscourts.alsd.45610.85.0.txt,grant,0.526,grant
gov.uscourts.utd.107895.50.0.txt,grant,0.524,deny
gov.uscourts.wied.47756.167.0.txt,deny,0.5153333333333333,deny
gov.uscourts.txed.117629.149.0.txt,grant,0.5526666666666666,deny
gov.uscourts.cand.192497.35.0.txt,grant,0.524,deny
gov.uscourts.cand.192497.37.0.txt,grant,0.582,deny
gov.uscourts.cand.192497.41.0.txt,grant,0.5926666666666667,deny
gov.uscourts.casd.256908.139.0.txt,grant,0.5233333333333333,deny
gov.uscourts.dcd.178819.12.0.txt,grant,0.5353333333333333,grant
gov.uscourts.ared.65760.5.0.txt,deny,0.5286666666666666,deny
gov.uscourts.ared.65760.3.0.txt,grant,0.5693333333333334,deny
gov.uscourts.nmd.241067.70.0.txt,grant,0.5386666666666666,grant
gov.uscourts.mssd.68766.15.0.txt,grant,0.5166666666666667,grant
gov.uscourts.txed.104068.322.0.txt,deny,0.5226666666666666,deny
gov.uscourts.cand.193889.24.0.txt,deny,0.5053333333333333,grant
gov.uscourts.nysd.319005.9.0.txt,grant,0.5373333333333333,deny
gov.uscourts.wied.72179.22.0.txt,grant,0.508,grant
gov.uscourts.wyd.20843.19.0.txt,grant,0.5213333333333333,grant
gov.uscourts.mdd.200309.25.0.txt,grant,0.5213333333333333,grant
gov.uscourts.azd.322017.161.0.txt,grant,0.518,deny
gov.uscourts.okwd.88960.9.0.txt,grant,0.5593333333333333,deny
gov.uscourts.rid.31460.85.0.txt,deny,0.514,deny
gov.uscourts.azd.458737.74.0.txt,grant,0.528,grant
gov.uscourts.akd.336.152.0.txt,grant,0.538,grant
gov.uscourts.akd.336.158.0.txt,deny,0.5066666666666667,grant
gov.uscourts.txed.116178.25.0.txt,grant,0.5546666666666666,deny
gov.uscourts.flsd.392429.80.0.txt,deny,0.5426666666666666,grant
gov.uscourts.txnd.243166.90.0.txt,grant,0.5266666666666666,deny
gov.uscourts.flsd.425897.151.0.txt,deny,0.5006666666666667,deny
gov.uscourts.flsd.425897.153.0.txt,grant,0.5573333333333333,deny
gov.uscourts.utd.76238.32.0.txt,grant,0.5193333333333333,grant
gov.uscourts.utd.76238.25.0.txt,grant,0.542,grant
gov.uscourts.utd.76238.24.0.txt,grant,0.5486666666666666,grant
gov.uscourts.txsd.1447181.69.0.txt,deny,0.5013333333333333,deny
gov.uscourts.txsd.1447181.71.0.txt,grant,0.514,deny
gov.uscourts.txsd.1447181.70.0.txt,grant,0.5726666666666667,deny
gov.uscourts.laed.126735.108.0.txt,grant,0.536,grant
gov.uscourts.casd.256908.5.0.txt,grant,0.5326666666666666,grant
gov.uscourts.mad.127565.40.0.txt,grant,0.5206666666666667,deny
gov.uscourts.cand.197045.35.0.txt,grant,0.53,deny
gov.uscourts.caed.293467.11.0.txt,grant,0.5006666666666667,deny
gov.uscourts.rid.31460.64.0.txt,deny,0.502,deny
gov.uscourts.rid.20478.75.0.txt,grant,0.508,grant
gov.uscourts.rid.20478.36.0.txt,grant,0.5346666666666666,grant
gov.uscourts.nyed.324865.78.0.txt,grant,0.516,deny
gov.uscourts.nyed.324865.80.0.txt,grant,0.5106666666666667,deny
gov.uscourts.vaed.273842.89.0.txt,deny,0.5513333333333333,grant
gov.uscourts.mssd.93162.109.0.txt,grant,0.5146666666666667,deny
gov.uscourts.cand.303432.132.0.txt,deny,0.5033333333333333,grant
gov.uscourts.azd.396130.876.0.txt,grant,0.506,grant
gov.uscourts.nysd.316362.447.0.txt,deny,0.5166666666666667,deny
gov.uscourts.alnd.19610.1770.0.txt,grant,0.5366666666666666,grant
gov.uscourts.dcd.124419.31.0.txt,grant,0.5546666666666666,grant
gov.uscourts.caeb.613067.86.0.txt,grant,0.5553333333333333,deny
gov.uscourts.txsd.1099338.17.0.txt,grant,0.5113333333333333,deny
gov.uscourts.mssd.87643.43.0.txt,grant,0.548,deny
gov.uscourts.wyd.20882.18.0.txt,grant,0.5726666666666667,deny
gov.uscourts.azd.396130.628.0.txt,deny,0.514,deny
gov.uscourts.azd.396130.747.0.txt,deny,0.5186666666666667,deny
gov.uscourts.dcd.124851.56.0.txt,grant,0.516,deny
gov.uscourts.dcd.124851.58.0.txt,grant,0.5653333333333334,deny
gov.uscourts.dcd.124851.53.0.txt,deny,0.504,deny
gov.uscourts.dcd.124713.26.0.txt,grant,0.554,deny
gov.uscourts.wawd.146441.447.0.txt,deny,0.5306666666666666,deny
gov.uscourts.vaed.371699.44.0.txt,deny,0.5146666666666667,deny
gov.uscourts.laed.164282.6571.0.txt,deny,0.5186666666666667,deny
gov.uscourts.vaed.297072.46.0.txt,grant,0.5173333333333333,deny
gov.uscourts.txsd.531293.27.0.txt,grant,0.522,deny
gov.uscourts.nysd.310986.95.0.txt,grant,0.6393333333333333,deny
gov.uscourts.njd.297141.58.0.txt,grant,0.5373333333333333,grant
gov.uscourts.cand.202291.37.0.txt,grant,0.5033333333333333,grant
gov.uscourts.cand.202291.36.0.txt,grant,0.5426666666666666,grant
gov.uscourts.gand.184409.43.0.txt,grant,0.5886666666666667,grant
gov.uscourts.cand.192674.297.0.txt,deny,0.5493333333333333,deny
gov.uscourts.ohsd.2137.57.0.txt,grant,0.576,grant
gov.uscourts.cand.197206.26.0.txt,grant,0.506,deny
gov.uscourts.txwd.658375.41.0.txt,grant,0.5486666666666666,grant
gov.uscourts.cand.197829.16.0.txt,grant,0.5386666666666666,grant
gov.uscourts.nysd.316362.467.0.txt,grant,0.516,deny
gov.uscourts.utd.53130.67.0.txt,grant,0.5406666666666666,deny
gov.uscourts.flsd.513381.10.0.txt,deny,0.53,grant
gov.uscourts.dcd.180660.370.0.txt,grant,0.5053333333333333,grant
gov.uscourts.pawd.232037.45.0.txt,grant,0.5506666666666666,grant
gov.uscourts.njd.281330.89.0.txt,grant,0.5426666666666666,deny
gov.uscourts.wiwd.34922.48.0.txt,grant,0.55,grant
gov.uscourts.rid.26145.73.0.txt,grant,0.506,deny
gov.uscourts.cand.200519.149.0.txt,deny,0.5046666666666667,deny
gov.uscourts.caed.265233.29.0.txt,deny,0.502,grant
gov.uscourts.flmd.293604.30.0.txt,grant,0.554,deny
gov.uscourts.azd.35369.68.0.txt,grant,0.508,grant
gov.uscourts.dcd.141086.26.0.txt,grant,0.534,deny
gov.uscourts.txsd.594.64.0.txt,grant,0.5173333333333333,deny
gov.uscourts.mdd.6969.82.0.txt,grant,0.5293333333333333,grant
gov.uscourts.flsd.451348.50.0.txt,grant,0.502,deny
gov.uscourts.casd.256908.56.0.txt,grant,0.5633333333333334,deny
gov.uscourts.nysd.322115.39.0.txt,grant,0.5246666666666666,grant
gov.uscourts.mssd.92428.30.0.txt,grant,0.5346666666666666,grant
gov.uscourts.mssd.92428.29.0.txt,grant,0.5406666666666666,grant
gov.uscourts.nysd.316653.133.0.txt,grant,0.5406666666666666,grant
gov.uscourts.cand.193761.76.0.txt,deny,0.5113333333333333,deny
gov.uscourts.nysd.310307.11.0.txt,grant,0.5213333333333333,deny
gov.uscourts.nysd.316653.28.0.txt,grant,0.618,deny
gov.uscourts.dcd.124257.27.0.txt,grant,0.5253333333333333,grant
gov.uscourts.txnd.213990.8.0.txt,grant,0.5113333333333333,deny
gov.uscourts.mad.134841.18.0.txt,grant,0.556,grant
gov.uscourts.cand.186672.51.0.txt,deny,0.5313333333333333,deny
gov.uscourts.ohsd.2137.62.0.txt,grant,0.6066666666666667,deny
gov.uscourts.cand.195848.44.0.txt,grant,0.526,deny
gov.uscourts.nvd.81143.38.0.txt,deny,0.5166666666666667,deny
gov.uscourts.ksd.52866.83.0.txt,grant,0.5406666666666666,grant
gov.uscourts.ksd.52866.75.0.txt,grant,0.5146666666666667,grant
gov.uscourts.utd.90302.127.0.txt,grant,0.512,deny
gov.uscourts.rid.20576.25.0.txt,deny,0.5266666666666666,grant
gov.uscourts.nvd.77290.21.0.txt,grant,0.5313333333333333,deny
gov.uscourts.dcd.148797.80.0.txt,grant,0.5393333333333333,deny
gov.uscourts.wiwd.34772.62.0.txt,grant,0.5213333333333333,deny
gov.uscourts.wiwd.34772.60.0.txt,grant,0.5206666666666667,deny
gov.uscourts.vaed.308029.77.0.txt,grant,0.5273333333333333,deny
gov.uscourts.wvsd.59724.167.0.txt,deny,0.542,grant
gov.uscourts.cand.197363.34.0.txt,grant,0.55,grant
gov.uscourts.mnd.82977.81.0.txt,grant,0.5006666666666667,deny
gov.uscourts.dcd.129840.10.0.txt,grant,0.558,deny
gov.uscourts.nywd.79861.137.0.txt,grant,0.5413333333333333,deny
gov.uscourts.cand.203854.46.0.txt,deny,0.5246666666666666,grant
gov.uscourts.cand.203854.45.0.txt,deny,0.528,grant
gov.uscourts.azd.396130.935.0.txt,deny,0.5166666666666667,deny
gov.uscourts.txwd.444418.29.0.txt,deny,0.5013333333333333,grant
gov.uscourts.mad.136393.23.0.txt,deny,0.544,deny
gov.uscourts.flnd.67528.87.0.txt,grant,0.5173333333333333,deny
gov.uscourts.mssd.90972.32.0.txt,grant,0.5166666666666667,grant
gov.uscourts.nysd.322696.19.0.txt,grant,0.5553333333333333,grant
gov.uscourts.nysd.325997.11.0.txt,grant,0.5066666666666667,deny
gov.uscourts.nywd.79861.598.0.txt,grant,0.5166666666666667,deny
gov.uscourts.txed.121829.333.0.txt,grant,0.5193333333333333,deny
gov.uscourts.dcd.147524.22.0.txt,grant,0.5506666666666666,grant
